id,name
40023,"choctaw, ok"
6087,"santa cruz, ca"
33019,"sullivan, nh"
37197,"yadkin, nc"
6015,"del norte, ca"
28045,"hancock, ms"
28019,"choctaw, ms"
40117,"pawnee, ok"
22077,"pointe coupee, la"
18021,"clay, in"
47149,"rutherford, tn"
39097,"madison, oh"
48335,"mitchell, tx"
20125,"montgomery, ks"
40039,"custer, ok"
13237,"putnam, ga"
17101,"lawrence, il"
8041,"el paso, co"
28145,"union, ms"
12079,"madison, fl"
48435,"sutton, tx"
48217,"hill, tx"
12087,"monroe, fl"
38075,"renville, nd"
19009,"audubon, ia"
12047,"hamilton, fl"
48499,"wood, tx"
26045,"eaton, mi"
21197,"powell, ky"
13067,"cobb, ga"
49051,"wasatch, ut"
21155,"marion, ky"
21221,"trigg, ky"
35017,"grant, nm"
21191,"pendleton, ky"
20191,"sumner, ks"
48127,"dimmit, tx"
1099,"monroe, al"
36119,"westchester, ny"
47131,"obion, tn"
53001,"adams, wa"
19165,"shelby, ia"
51700,"newport news city, va"
23011,"kennebec, me"
26049,"genesee, mi"
18055,"greene, in"
30061,"mineral, mt"
12035,"flagler, fl"
51036,"charles city, va"
29067,"douglas, mo"
47137,"pickett, tn"
48123,"dewitt, tx"
48299,"llano, tx"
38031,"foster, nd"
48067,"cass, tx"
37139,"pasquotank, nc"
21163,"meade, ky"
48507,"zavala, tx"
39125,"paulding, oh"
13251,"screven, ga"
17189,"washington, il"
48341,"moore, tx"
20157,"republic, ks"
48043,"brewster, tx"
13315,"wilcox, ga"
26033,"chippewa, mi"
13255,"spalding, ga"
51750,"radford, va"
50015,"lamoille, vt"
36033,"franklin, ny"
13305,"wayne, ga"
56013,"fremont, wy"
22033,"east baton rouge, la"
5025,"cleveland, ar"
13319,"wilkinson, ga"
48195,"hansford, tx"
29155,"pemiscot, mo"
42049,"erie, pa"
22055,"lafayette, la"
8053,"hinsdale, co"
48371,"pecos, tx"
31007,"banner, ne"
46043,"douglas, sd"
49031,"piute, ut"
35011,"de baca, nm"
48111,"dallam, tx"
46087,"mccook, sd"
17009,"brown, il"
17199,"williamson, il"
27053,"hennepin, mn"
56027,"niobrara, wy"
13201,"miller, ga"
19019,"buchanan, ia"
29091,"howell, mo"
47073,"hawkins, tn"
20205,"wilson, ks"
45021,"cherokee, sc"
29077,"greene, mo"
28021,"claiborne, ms"
8125,"yuma, co"
17125,"mason, il"
39071,"highland, oh"
28027,"coahoma, ms"
29005,"atchison, mo"
38097,"traill, nd"
28061,"jasper, ms"
12067,"lafayette, fl"
1051,"elmore, al"
42059,"greene, pa"
13297,"walton, ga"
37127,"nash, nc"
27155,"traverse, mn"
10003,"new castle, de"
55009,"brown, wi"
17147,"piatt, il"
47049,"fentress, tn"
42133,"york, pa"
38083,"sheridan, nd"
20131,"nemaha, ks"
51800,"suffolk city, va"
29201,"scott, mo"
13189,"mcduffie, ga"
9009,"new haven, ct"
48283,"la salle, tx"
48041,"brazos, tx"
18157,"tippecanoe, in"
6017,"el dorado, ca"
40125,"pottawatomie, ok"
21175,"morgan, ky"
17045,"edgar, il"
2275,"wrangell, ak"
21015,"boone, ky"
40123,"pontotoc, ok"
21227,"warren, ky"
31109,"lancaster, ne"
56019,"johnson, wy"
31047,"dawson, ne"
18109,"morgan, in"
29055,"crawford, mo"
18163,"vanderburgh, in"
51047,"culpeper, va"
39081,"jefferson, oh"
51077,"grayson, va"
22125,"west feliciana, la"
8101,"pueblo, co"
48181,"grayson, tx"
39051,"fulton, oh"
21051,"clay, ky"
1071,"jackson, al"
48343,"morris, tx"
37185,"warren, nc"
13107,"emanuel, ga"
13219,"oconee, ga"
37141,"pender, nc"
31045,"dawes, ne"
49015,"emery, ut"
2185,"north slope, ak"
48197,"hardeman, tx"
30109,"wibaux, mt"
38073,"ransom, nd"
19043,"clayton, ia"
28097,"montgomery, ms"
17091,"kankakee, il"
48453,"travis, tx"
46135,"yankton, sd"
6051,"mono, ca"
53005,"benton, wa"
36085,"richmond, ny"
36021,"columbia, ny"
37025,"cabarrus, nc"
13193,"macon, ga"
51183,"sussex, va"
51790,"staunton city, va"
39131,"pike, oh"
48337,"montague, tx"
20151,"pratt, ks"
19147,"palo alto, ia"
8013,"boulder, co"
12123,"taylor, fl"
48281,"lampasas, tx"
18125,"pike, in"
20095,"kingman, ks"
13089,"dekalb, ga"
42087,"mifflin, pa"
22103,"st. tammany, la"
51003,"albemarle, va"
13081,"crisp, ga"
54019,"fayette, wv"
37135,"orange, nc"
17093,"kendall, il"
23003,"aroostook, me"
40151,"woods, ok"
48015,"austin, tx"
48355,"nueces, tx"
29203,"shannon, mo"
51810,"virginia beach city, va"
40153,"woodward, ok"
21205,"rowan, ky"
20073,"greenwood, ks"
34027,"morris, nj"
29105,"laclede, mo"
39145,"scioto, oh"
54015,"clay, wv"
42113,"sullivan, pa"
29141,"morgan, mo"
13117,"forsyth, ga"
27003,"anoka, mn"
13231,"pike, ga"
27117,"pipestone, mn"
27137,"st. louis, mn"
24025,"harford, md"
28059,"jackson, ms"
53049,"pacific, wa"
39053,"gallia, oh"
55017,"chippewa, wi"
29149,"oregon, mo"
48419,"shelby, tx"
19023,"butler, ia"
29225,"webster, mo"
40135,"sequoyah, ok"
39023,"clark, oh"
40137,"stephens, ok"
49029,"morgan, ut"
36043,"herkimer, ny"
47009,"blount, tn"
31157,"scotts bluff, ne"
45007,"anderson, sc"
22101,"st. mary, la"
47023,"chester, tn"
27027,"clay, mn"
47147,"robertson, tn"
17023,"clark, il"
34003,"bergen, nj"
18107,"montgomery, in"
42107,"schuylkill, pa"
48083,"coleman, tx"
18027,"daviess, in"
47085,"humphreys, tn"
37053,"currituck, nc"
48445,"terry, tx"
26139,"ottawa, mi"
36075,"oswego, ny"
42013,"blair, pa"
55035,"eau claire, wi"
1103,"morgan, al"
21237,"wolfe, ky"
29081,"harrison, mo"
47019,"carter, tn"
48497,"wise, tx"
13099,"early, ga"
20083,"hodgeman, ks"
37113,"macon, nc"
55107,"rusk, wi"
28095,"monroe, ms"
20041,"dickinson, ks"
18087,"lagrange, in"
12093,"okeechobee, fl"
39115,"morgan, oh"
1115,"st. clair, al"
16051,"jefferson, id"
20153,"rawlins, ks"
20123,"mitchell, ks"
38101,"ward, nd"
21209,"scott, ky"
13249,"schley, ga"
1037,"coosa, al"
4023,"santa cruz, az"
39021,"champaign, oh"
53021,"franklin, wa"
37035,"catawba, nc"
51017,"bath, va"
53027,"grays harbor, wa"
27121,"pope, mn"
19021,"buena vista, ia"
51053,"dinwiddie, va"
18123,"perry, in"
12057,"hillsborough, fl"
31141,"platte, ne"
37119,"mecklenburg, nc"
41045,"malheur, or"
1113,"russell, al"
54069,"ohio, wv"
26059,"hillsdale, mi"
20099,"labette, ks"
21133,"letcher, ky"
26047,"emmet, mi"
40139,"texas, ok"
51037,"charlotte, va"
34041,"warren, nj"
40017,"canadian, ok"
42019,"butler, pa"
19141,"o'brien, ia"
6085,"santa clara, ca"
48133,"eastland, tx"
26015,"barry, mi"
18119,"owen, in"
29043,"christian, mo"
31169,"thayer, ne"
18041,"fayette, in"
19113,"linn, ia"
21003,"allen, ky"
51065,"fluvanna, va"
30063,"missoula, mt"
13119,"franklin, ga"
46091,"marshall, sd"
13235,"pulaski, ga"
25023,"plymouth, ma"
27083,"lyon, mn"
42127,"wayne, pa"
46009,"bon homme, sd"
48179,"gray, tx"
22095,"st. john the baptist, la"
42045,"delaware, pa"
12051,"hendry, fl"
23009,"hancock, me"
27087,"mahnomen, mn"
29217,"vernon, mo"
39011,"auglaize, oh"
31073,"gosper, ne"
39121,"noble, oh"
13153,"houston, ga"
30057,"madison, mt"
31151,"saline, ne"
51087,"henrico, va"
21079,"garrard, ky"
44001,"bristol, ri"
41019,"douglas, or"
54045,"logan, wv"
17019,"champaign, il"
22121,"west baton rouge, la"
1097,"mobile, al"
51093,"isle of wight, va"
46109,"roberts, sd"
51015,"augusta, va"
42047,"elk, pa"
51085,"hanover, va"
8014,"broomfield, co"
25007,"dukes, ma"
4021,"pinal, az"
13121,"fulton, ga"
46019,"butte, sd"
46039,"deuel, sd"
36061,"new york, ny"
13257,"stephens, ga"
26073,"isabella, mi"
31041,"custer, ne"
16021,"boundary, id"
17025,"clay, il"
38019,"cavalier, nd"
16063,"lincoln, id"
48203,"harrison, tx"
34011,"cumberland, nj"
29087,"holt, mo"
28119,"quitman, ms"
13291,"union, ga"
37107,"lenoir, nc"
20113,"mcpherson, ks"
8077,"mesa, co"
42001,"adams, pa"
48353,"nolan, tx"
36055,"monroe, ny"
6059,"orange, ca"
48417,"shackelford, tx"
12053,"hernando, fl"
55089,"ozaukee, wi"
46115,"spink, sd"
29151,"osage, mo"
26031,"cheboygan, mi"
35028,"los alamos, nm"
36093,"schenectady, ny"
27001,"aitkin, mn"
45025,"chesterfield, sc"
25025,"suffolk, ma"
1069,"houston, al"
5133,"sevier, ar"
17153,"pulaski, il"
19121,"madison, ia"
54105,"wirt, wv"
30003,"big horn, mt"
8109,"saguache, co"
29065,"dent, mo"
1111,"randolph, al"
47125,"montgomery, tn"
47183,"weakley, tn"
19039,"clarke, ia"
13045,"carroll, ga"
20195,"trego, ks"
40011,"blaine, ok"
45029,"colleton, sc"
45079,"richland, sc"
29069,"dunklin, mo"
17037,"dekalb, il"
22039,"evangeline, la"
47187,"williamson, tn"
48347,"nacogdoches, tx"
19193,"woodbury, ia"
21219,"todd, ky"
13215,"muscogee, ga"
8107,"routt, co"
31029,"chase, ne"
1001,"autauga, al"
29041,"chariton, mo"
29015,"benton, mo"
54097,"upshur, wv"
29197,"schuyler, mo"
1017,"chambers, al"
47041,"dekalb, tn"
42079,"luzerne, pa"
12099,"palm beach, fl"
41047,"marion, or"
13269,"taylor, ga"
21041,"carroll, ky"
25017,"middlesex, ma"
19195,"worth, ia"
17127,"massac, il"
53031,"jefferson, wa"
36025,"delaware, ny"
47057,"grainger, tn"
5053,"grant, ar"
39003,"allen, oh"
21203,"rockcastle, ky"
12109,"st. johns, fl"
46027,"clay, sd"
13271,"telfair, ga"
39173,"wood, oh"
39087,"lawrence, oh"
20037,"crawford, ks"
17051,"fayette, il"
55111,"sauk, wi"
40131,"rogers, ok"
26091,"lenawee, mi"
30111,"yellowstone, mt"
31033,"cheyenne, ne"
30077,"powell, mt"
20177,"shawnee, ks"
48149,"fayette, tx"
40001,"adair, ok"
28041,"greene, ms"
5055,"greene, ar"
51147,"prince edward, va"
5041,"desha, ar"
12077,"liberty, fl"
48379,"rains, tx"
45067,"marion, sc"
45089,"williamsburg, sc"
34033,"salem, nj"
27093,"meeker, mn"
19085,"harrison, ia"
51127,"new kent, va"
42065,"jefferson, pa"
38069,"pierce, nd"
47113,"madison, tn"
48113,"dallas, tx"
49049,"utah, ut"
48005,"angelina, tx"
4003,"cochise, az"
42095,"northampton, pa"
22053,"jefferson davis, la"
51540,"charlottesville city, va"
37161,"rutherford, nc"
21181,"nicholas, ky"
54065,"morgan, wv"
54059,"mingo, wv"
30039,"granite, mt"
54005,"boone, wv"
6097,"sonoma, ca"
47083,"houston, tn"
13293,"upson, ga"
21135,"lewis, ky"
54035,"jackson, wv"
26115,"monroe, mi"
46015,"brule, sd"
41007,"clatsop, or"
29510,"saint louis city, mo"
13113,"fayette, ga"
55023,"crawford, wi"
42117,"tioga, pa"
40067,"jefferson, ok"
8031,"denver, co"
30035,"glacier, mt"
26043,"dickinson, mi"
55105,"rock, wi"
19131,"mitchell, ia"
16087,"washington, id"
13055,"chattooga, ga"
55095,"polk, wi"
45049,"hampton, sc"
31121,"merrick, ne"
13311,"white, ga"
17171,"scott, il"
20147,"phillips, ks"
37115,"madison, nc"
27051,"grant, mn"
24035,"queen anne's, md"
55141,"wood, wi"
35055,"taos, nm"
19011,"benton, ia"
17175,"stark, il"
36037,"genesee, ny"
26023,"branch, mi"
21085,"grayson, ky"
37181,"vance, nc"
51149,"prince george, va"
1005,"barbour, al"
6073,"san diego, ca"
38047,"logan, nd"
47031,"coffee, tn"
17103,"lee, il"
37153,"richmond, nc"
53059,"skamania, wa"
13015,"bartow, ga"
31071,"garfield, ne"
48413,"schleicher, tx"
47091,"johnson, tn"
37075,"graham, nc"
40045,"ellis, ok"
13135,"gwinnett, ga"
24021,"frederick, md"
51143,"pittsylvania, va"
13285,"troup, ga"
17201,"winnebago, il"
36117,"wayne, ny"
17001,"adams, il"
55051,"iron, wi"
21151,"madison, ky"
47169,"trousdale, tn"
31037,"colfax, ne"
8059,"jefferson, co"
13065,"clinch, ga"
18093,"lawrence, in"
53053,"pierce, wa"
17013,"calhoun, il"
8029,"delta, co"
6067,"sacramento, ca"
48291,"liberty, tx"
51191,"washington, va"
48323,"maverick, tx"
51041,"chesterfield, va"
29095,"jackson, mo"
48253,"jones, tx"
5011,"bradley, ar"
48131,"duval, tx"
18075,"jay, in"
22049,"jackson, la"
41051,"multnomah, or"
37111,"mcdowell, nc"
27035,"crow wing, mn"
42033,"clearfield, pa"
17177,"stephenson, il"
31049,"deuel, ne"
12011,"broward, fl"
5145,"white, ar"
31147,"richardson, ne"
48145,"falls, tx"
51710,"norfolk city, va"
20055,"finney, ks"
22009,"avoyelles, la"
4027,"yuma, az"
53067,"thurston, wa"
51061,"fauquier, va"
16043,"fremont, id"
25019,"nantucket, ma"
12111,"st. lucie, fl"
24003,"anne arundel, md"
51043,"clarke, va"
20059,"franklin, ks"
17021,"christian, il"
48191,"hall, tx"
51770,"roanoke city, va"
51125,"nelson, va"
13241,"rabun, ga"
5119,"pulaski, ar"
53065,"stevens, wa"
28093,"marshall, ms"
51683,"manassas city, va"
42017,"bucks, pa"
6043,"mariposa, ca"
45073,"oconee, sc"
48199,"hardin, tx"
35037,"quay, nm"
37121,"mitchell, nc"
37067,"forsyth, nc"
18111,"newton, in"
51119,"middlesex, va"
18149,"starke, in"
18085,"kosciusko, in"
37151,"randolph, nc"
48007,"aransas, tx"
37069,"franklin, nc"
51073,"gloucester, va"
5015,"carroll, ar"
6013,"contra costa, ca"
42021,"cambria, pa"
17139,"moultrie, il"
19093,"ida, ia"
56045,"weston, wy"
49003,"box elder, ut"
1029,"cleburne, al"
30021,"dawson, mt"
53055,"san juan, wa"
5035,"crittenden, ar"
37063,"durham, nc"
49025,"kane, ut"
45045,"greenville, sc"
30029,"flathead, mt"
26079,"kalkaska, mi"
17031,"cook, il"
31057,"dundy, ne"
21099,"hart, ky"
47045,"dyer, tn"
17089,"kane, il"
29121,"macon, mo"
38011,"bowman, nd"
42061,"huntingdon, pa"
18037,"dubois, in"
26145,"saginaw, mi"
5113,"polk, ar"
6001,"alameda, ca"
48461,"upton, tx"
1007,"bibb, al"
47185,"white, tn"
1089,"madison, al"
8051,"gunnison, co"
1003,"baldwin, al"
27013,"blue earth, mn"
23023,"sagadahoc, me"
19087,"henry, ia"
8043,"fremont, co"
51185,"tazewell, va"
48221,"hood, tx"
40121,"pittsburg, ok"
27033,"cottonwood, mn"
56031,"platte, wy"
47047,"fayette, tn"
36051,"livingston, ny"
48165,"gaines, tx"
29137,"monroe, mo"
48019,"bandera, tx"
48425,"somervell, tx"
51197,"wythe, va"
48187,"guadalupe, tx"
55071,"manitowoc, wi"
12063,"jackson, fl"
1117,"shelby, al"
42105,"potter, pa"
26111,"midland, mi"
48265,"kerr, tx"
12089,"nassau, fl"
30027,"fergus, mt"
21103,"henry, ky"
20019,"chautauqua, ks"
4011,"greenlee, az"
42125,"washington, pa"
38021,"dickey, nd"
21229,"washington, ky"
51069,"frederick, va"
26053,"gogebic, mi"
12115,"sarasota, fl"
1127,"walker, al"
42121,"venango, pa"
31119,"madison, ne"
13073,"columbia, ga"
6029,"kern, ca"
55005,"barron, wi"
40029,"coal, ok"
42075,"lebanon, pa"
56029,"park, wy"
40073,"kingfisher, ok"
37123,"montgomery, nc"
55053,"jackson, wi"
39039,"defiance, oh"
19187,"webster, ia"
51187,"warren, va"
46129,"walworth, sd"
5103,"ouachita, ar"
39171,"williams, oh"
17167,"sangamon, il"
5047,"franklin, ar"
29057,"dade, mo"
37193,"wilkes, nc"
47067,"hancock, tn"
51510,"alexandria city, va"
48289,"leon, tx"
41021,"gilliam, or"
49011,"davis, ut"
13301,"warren, ga"
21231,"wayne, ky"
24045,"wicomico, md"
45009,"bamberg, sc"
40149,"washita, ok"
19083,"hardin, ia"
28127,"simpson, ms"
54001,"barbour, wv"
50001,"addison, vt"
13049,"charlton, ga"
51075,"goochland, va"
21137,"lincoln, ky"
5033,"crawford, ar"
31149,"rock, ne"
17029,"coles, il"
31043,"dakota, ne"
18003,"allen, in"
46053,"gregory, sd"
5045,"faulkner, ar"
39085,"lake, oh"
12005,"bay, fl"
28113,"pike, ms"
6077,"san joaquin, ca"
27173,"yellow medicine, mn"
26029,"charlevoix, mi"
4012,"la paz, az"
13175,"laurens, ga"
29103,"knox, mo"
48251,"johnson, tx"
26101,"manistee, mi"
17041,"douglas, il"
5065,"izard, ar"
12043,"glades, fl"
29157,"perry, mo"
6035,"lassen, ca"
50011,"franklin, vt"
37149,"polk, nc"
22017,"caddo, la"
20197,"wabaunsee, ks"
35059,"union, nm"
40119,"payne, ok"
22031,"de soto, la"
27071,"koochiching, mn"
21057,"cumberland, ky"
19191,"winneshiek, ia"
34019,"hunterdon, nj"
30059,"meagher, mt"
1023,"choctaw, al"
29023,"butler, mo"
55139,"winnebago, wi"
26147,"st. clair, mi"
22097,"st. landry, la"
56033,"sheridan, wy"
55027,"dodge, wi"
47177,"warren, tn"
27131,"rice, mn"
17003,"alexander, il"
13191,"mcintosh, ga"
1033,"colbert, al"
20045,"douglas, ks"
21225,"union, ky"
40041,"delaware, ok"
53015,"cowlitz, wa"
51169,"scott, va"
20077,"harper, ks"
37157,"rockingham, nc"
13277,"tift, ga"
55057,"juneau, wi"
41015,"curry, or"
47163,"sullivan, tn"
42071,"lancaster, pa"
21097,"harrison, ky"
55039,"fond du lac, wi"
8083,"montezuma, co"
1021,"chilton, al"
45083,"spartanburg, sc"
36003,"allegany, ny"
16069,"nez perce, id"
16011,"bingham, id"
47165,"sumner, tn"
48053,"burnet, tx"
28079,"leake, ms"
31025,"cass, ne"
46065,"hughes, sd"
40081,"lincoln, ok"
29079,"grundy, mo"
21073,"franklin, ky"
17191,"wayne, il"
55037,"florence, wi"
19143,"osceola, ia"
46051,"grant, sd"
47171,"unicoi, tn"
8111,"san juan, co"
5093,"mississippi, ar"
54003,"berkeley, wv"
48121,"denton, tx"
48271,"kinney, tx"
48359,"oldham, tx"
18067,"howard, in"
29209,"stone, mo"
26157,"tuscola, mi"
20111,"lyon, ks"
48147,"fannin, tx"
45015,"berkeley, sc"
35033,"mora, nm"
22065,"madison, la"
26035,"clare, mi"
31175,"valley, ne"
27009,"benton, mn"
13179,"liberty, ga"
22007,"assumption, la"
27043,"faribault, mn"
51730,"petersburg city, va"
26089,"leelanau, mi"
46011,"brookings, sd"
23013,"knox, me"
40027,"cleveland, ok"
28109,"pearl river, ms"
48237,"jack, tx"
12023,"columbia, fl"
11001,"district of columbia, dc"
19045,"clinton, ia"
1131,"wilcox, al"
42005,"armstrong, pa"
28003,"alcorn, ms"
54061,"monongalia, wv"
26125,"oakland, mi"
5087,"madison, ar"
51005,"alleghany, va"
39135,"preble, oh"
55129,"washburn, wi"
35013,"dona ana, nm"
48277,"lamar, tx"
18135,"randolph, in"
31123,"morrill, ne"
29175,"randolph, mo"
1133,"winston, al"
21075,"fulton, ky"
46057,"hamlin, sd"
39041,"delaware, oh"
42097,"northumberland, pa"
53061,"snohomish, wa"
18073,"jasper, in"
21027,"breckinridge, ky"
35027,"lincoln, nm"
18143,"scott, in"
56015,"goshen, wy"
47151,"scott, tn"
48073,"cherokee, tx"
33015,"rockingham, nh"
18083,"knox, in"
20057,"ford, ks"
27011,"big stone, mn"
47037,"davidson, tn"
13019,"berrien, ga"
29047,"clay, mo"
48295,"lipscomb, tx"
9013,"tolland, ct"
19055,"delaware, ia"
12021,"collier, fl"
22005,"ascension, la"
39027,"clinton, oh"
22089,"st. charles, la"
12031,"duval, fl"
5131,"sebastian, ar"
8049,"grand, co"
8011,"bent, co"
13253,"seminole, ga"
18077,"jefferson, in"
18061,"harrison, in"
47055,"giles, tn"
6113,"yolo, ca"
21199,"pulaski, ky"
51145,"powhatan, va"
17113,"mclean, il"
28137,"tate, ms"
53007,"chelan, wa"
42025,"carbon, pa"
48209,"hays, tx"
27017,"carlton, mn"
55079,"milwaukee, wi"
13115,"floyd, ga"
12013,"calhoun, fl"
5001,"arkansas, ar"
16013,"blaine, id"
39007,"ashtabula, oh"
39045,"fairfield, oh"
22063,"livingston, la"
27005,"becker, mn"
39143,"sandusky, oh"
48391,"refugio, tx"
47115,"marion, tn"
48279,"lamb, tx"
21131,"leslie, ky"
28107,"panola, ms"
29161,"phelps, mo"
45053,"jasper, sc"
13047,"catoosa, ga"
41063,"wallowa, or"
42101,"philadelphia, pa"
13313,"whitfield, ga"
55109,"st. croix, wi"
49013,"duchesne, ut"
45041,"florence, sc"
29021,"buchanan, mo"
16005,"bannock, id"
35025,"lea, nm"
55125,"vilas, wi"
20089,"jewell, ks"
8067,"la plata, co"
29063,"dekalb, mo"
51105,"lee, va"
29053,"cooper, mo"
36069,"ontario, ny"
48325,"medina, tx"
48305,"lynn, tx"
13223,"paulding, ga"
29207,"stoddard, mo"
51153,"prince william, va"
31051,"dixon, ne"
39069,"henry, oh"
40043,"dewey, ok"
19103,"johnson, ia"
18101,"martin, in"
28153,"wayne, ms"
22043,"grant, la"
51181,"surry, va"
8055,"huerfano, co"
26161,"washtenaw, mi"
26135,"oscoda, mi"
13013,"barrow, ga"
28037,"franklin, ms"
29027,"callaway, mo"
51157,"rappahannock, va"
48273,"kleberg, tx"
26105,"mason, mi"
49035,"salt lake, ut"
48213,"henderson, tx"
47145,"roane, tn"
37191,"wayne, nc"
40115,"ottawa, ok"
29205,"shelby, mo"
13157,"jackson, ga"
20159,"rice, ks"
12061,"indian river, fl"
23001,"androscoggin, me"
39055,"geauga, oh"
40129,"roger mills, ok"
17081,"jefferson, il"
18069,"huntington, in"
15003,"honolulu, hi"
53045,"mason, wa"
51195,"wise, va"
17063,"grundy, il"
22015,"bossier, la"
55049,"iowa, wi"
16007,"bear lake, id"
13031,"bulloch, ga"
39133,"portage, oh"
48451,"tom green, tx"
47087,"jackson, tn"
48151,"fisher, tx"
39123,"ottawa, oh"
28043,"grenada, ms"
39075,"holmes, oh"
39117,"morrow, oh"
17151,"pope, il"
22109,"terrebonne, la"
13151,"henry, ga"
17087,"johnson, il"
38055,"mclean, nd"
13211,"morgan, ga"
18043,"floyd, in"
5091,"miller, ar"
31135,"perkins, ne"
27077,"lake of the woods, mn"
32003,"clark, nv"
26005,"allegan, mi"
36017,"chenango, ny"
18007,"benton, in"
19159,"ringgold, ia"
20103,"leavenworth, ks"
17047,"edwards, il"
17129,"menard, il"
21189,"owsley, ky"
37065,"edgecombe, nc"
51590,"danville city, va"
54039,"kanawha, wv"
40047,"garfield, ok"
48385,"real, tx"
1123,"tallapoosa, al"
48339,"montgomery, tx"
6011,"colusa, ca"
54085,"ritchie, wv"
20005,"atchison, ks"
48017,"bailey, tx"
29039,"cedar, mo"
38029,"emmons, nd"
6055,"napa, ca"
17011,"bureau, il"
37071,"gaston, nc"
17195,"whiteside, il"
51111,"lunenburg, va"
51021,"bland, va"
21161,"mason, ky"
13103,"effingham, ga"
19025,"calhoun, ia"
42089,"monroe, pa"
5085,"lonoke, ar"
28131,"stone, ms"
5147,"woodruff, ar"
26021,"berrien, mi"
29033,"carroll, mo"
39013,"belmont, oh"
30107,"wheatland, mt"
45035,"dorchester, sc"
30013,"cascade, mt"
24017,"charles, md"
30093,"silver bow, mt"
26121,"muskegon, mi"
19153,"polk, ia"
48503,"young, tx"
37059,"davie, nc"
41025,"harney, or"
21065,"estill, ky"
46077,"kingsbury, sd"
18013,"brown, in"
35006,"cibola, nm"
54089,"summers, wv"
29169,"pulaski, mo"
13033,"burke, ga"
47135,"perry, tn"
17005,"bond, il"
36065,"oneida, ny"
6081,"san mateo, ca"
29083,"henry, mo"
51029,"buckingham, va"
42035,"clinton, pa"
6091,"sierra, ca"
37129,"new hanover, nc"
30091,"sheridan, mt"
28035,"forrest, ms"
30037,"golden valley, mt"
5117,"prairie, ar"
51023,"botetourt, va"
48487,"wilbarger, tx"
37179,"union, nc"
16071,"oneida, id"
21047,"christian, ky"
18171,"warren, in"
1079,"lawrence, al"
48373,"polk, tx"
30041,"hill, mt"
24029,"kent, md"
20193,"thomas, ks"
55007,"bayfield, wi"
36009,"cattaraugus, ny"
13263,"talbot, ga"
19139,"muscatine, ia"
37155,"robeson, nc"
20107,"linn, ks"
19013,"black hawk, ia"
8057,"jackson, co"
8071,"las animas, co"
21115,"johnson, ky"
21113,"jessamine, ky"
26109,"menominee, mi"
38009,"bottineau, nd"
12075,"levy, fl"
48045,"briscoe, tx"
47013,"campbell, tn"
55083,"oconto, wi"
31101,"keith, ne"
13141,"hancock, ga"
6099,"stanislaus, ca"
51099,"king george, va"
41059,"umatilla, or"
19069,"franklin, ia"
12125,"union, fl"
51109,"louisa, va"
40083,"logan, ok"
21089,"greenup, ky"
26085,"lake, mi"
22105,"tangipahoa, la"
47161,"stewart, tn"
22051,"jefferson, la"
48349,"navarro, tx"
5097,"montgomery, ar"
21165,"menifee, ky"
17165,"saline, il"
12131,"walton, fl"
12065,"jefferson, fl"
51035,"carroll, va"
12059,"holmes, fl"
50025,"windham, vt"
1093,"marion, al"
47155,"sevier, tn"
47077,"henderson, tn"
48443,"terrell, tx"
13057,"cherokee, ga"
29127,"marion, mo"
45013,"beaufort, sc"
18183,"whitley, in"
24027,"howard, md"
34031,"passaic, nj"
1035,"conecuh, al"
49001,"beaver, ut"
51095,"james city, va"
47099,"lawrence, tn"
5049,"fulton, ar"
41053,"polk, or"
27029,"clearwater, mn"
36097,"schuyler, ny"
12073,"leon, fl"
40005,"atoka, ok"
16061,"lewis, id"
18155,"switzerland, in"
13137,"habersham, ga"
48401,"rusk, tx"
21119,"knott, ky"
1013,"butler, al"
37097,"iredell, nc"
53047,"okanogan, wa"
45057,"lancaster, sc"
55123,"vernon, wi"
18177,"wayne, in"
16081,"teton, id"
36063,"niagara, ny"
17119,"madison, il"
53033,"king, wa"
22011,"beauregard, la"
47021,"cheatham, tn"
6109,"tuolumne, ca"
46099,"minnehaha, sd"
12049,"hardee, fl"
37013,"beaufort, nc"
13289,"twiggs, ga"
48025,"bee, tx"
38035,"grand forks, nd"
42003,"allegheny, pa"
37021,"buncombe, nc"
4007,"gila, az"
22073,"ouachita, la"
12007,"bradford, fl"
17179,"tazewell, il"
55011,"buffalo, wi"
21061,"edmonson, ky"
40053,"grant, ok"
48247,"jim hogg, tx"
47035,"cumberland, tn"
29153,"ozark, mo"
27139,"scott, mn"
36077,"otsego, ny"
39149,"shelby, oh"
26117,"montcalm, mi"
19031,"cedar, ia"
19179,"wapello, ia"
33003,"carroll, nh"
54095,"tyler, wv"
48491,"williamson, tx"
55015,"calumet, wi"
35061,"valencia, nm"
2110,"juneau, ak"
53003,"asotin, wa"
31031,"cherry, ne"
47143,"rhea, tn"
39099,"mahoning, oh"
31095,"jefferson, ne"
22079,"rapides, la"
51830,"williamsburg city, va"
31081,"hamilton, ne"
1047,"dallas, al"
55131,"washington, wi"
41069,"wheeler, or"
48085,"collin, tx"
8075,"logan, co"
13247,"rockdale, ga"
30083,"richland, mt"
40013,"bryan, ok"
48389,"reeves, tx"
27119,"polk, mn"
48267,"kimble, tx"
42039,"crawford, pa"
49033,"rich, ut"
28007,"attala, ms"
13185,"lowndes, ga"
30043,"jefferson, mt"
48315,"marion, tx"
27161,"waseca, mn"
1095,"marshall, al"
48437,"swisher, tx"
18167,"vigo, in"
29101,"johnson, mo"
8037,"eagle, co"
44003,"kent, ri"
39093,"lorain, oh"
38071,"ramsey, nd"
19089,"howard, ia"
48249,"jim wells, tx"
17075,"iroquois, il"
21233,"webster, ky"
18173,"warrick, in"
18051,"gibson, in"
18005,"bartholomew, in"
13133,"greene, ga"
19001,"adair, ia"
26061,"houghton, mi"
38017,"cass, nd"
51079,"greene, va"
8039,"elbert, co"
28073,"lamar, ms"
17043,"dupage, il"
47089,"jefferson, tn"
36107,"tioga, ny"
31011,"boone, ne"
47053,"gibson, tn"
42027,"centre, pa"
51089,"henry, va"
56011,"crook, wy"
22075,"plaquemines, la"
30017,"custer, mt"
18009,"blackford, in"
39091,"logan, oh"
48275,"knox, tx"
12121,"suwannee, fl"
20137,"norton, ks"
20039,"decatur, ks"
31019,"buffalo, ne"
41061,"union, or"
29019,"boone, mo"
49053,"washington, ut"
20023,"cheyenne, ks"
48193,"hamilton, tx"
18065,"henry, in"
48493,"wilson, tx"
37101,"johnston, nc"
56021,"laramie, wy"
21127,"lawrence, ky"
20175,"seward, ks"
26057,"gratiot, mi"
1081,"lee, al"
19133,"monona, ia"
12009,"brevard, fl"
17131,"mercer, il"
13097,"douglas, ga"
47181,"wayne, tn"
31027,"cedar, ne"
48177,"gonzales, tx"
8007,"archuleta, co"
16045,"gem, id"
31079,"hall, ne"
48407,"san jacinto, tx"
29115,"linn, mo"
54037,"jefferson, wv"
42099,"perry, pa"
29135,"moniteau, mo"
25027,"worcester, ma"
53023,"garfield, wa"
30067,"park, mt"
31087,"hitchcock, ne"
28051,"holmes, ms"
6025,"imperial, ca"
36001,"albany, ny"
48115,"dawson, tx"
21013,"bell, ky"
34021,"mercer, nj"
27019,"carver, mn"
19077,"guthrie, ia"
18001,"adams, in"
48485,"wichita, tx"
21093,"hardin, ky"
55047,"green lake, wi"
36057,"montgomery, ny"
49021,"iron, ut"
37133,"onslow, nc"
37083,"halifax, nc"
19125,"marion, ia"
48303,"lubbock, tx"
51121,"montgomery, va"
45033,"dillon, sc"
26051,"gladwin, mi"
32031,"washoe, nv"
39025,"clermont, oh"
39103,"medina, oh"
21167,"mercer, ky"
26127,"oceana, mi"
28151,"washington, ms"
4013,"maricopa, az"
16009,"benewah, id"
34037,"sussex, nj"
25011,"franklin, ma"
2170,"matanuska-susitna, ak"
40007,"beaver, ok"
31035,"clay, ne"
55101,"racine, wi"
48175,"goliad, tx"
20203,"wichita, ks"
55115,"shawano, wi"
20149,"pottawatomie, ks"
47139,"polk, tn"
28125,"sharkey, ms"
37049,"craven, nc"
37009,"ashe, nc"
39167,"washington, oh"
48095,"concho, tx"
40145,"wagoner, ok"
48105,"crockett, tx"
37039,"cherokee, nc"
48375,"potter, tx"
19185,"wayne, ia"
19157,"poweshiek, ia"
26027,"cass, mi"
54057,"mineral, wv"
27103,"nicollet, mn"
28117,"prentiss, ms"
45059,"laurens, sc"
48233,"hutchinson, tx"
29003,"andrew, mo"
18071,"jackson, in"
45061,"lee, sc"
26041,"delta, mi"
40099,"murray, ok"
5079,"lincoln, ar"
29031,"cape girardeau, mo"
16065,"madison, id"
28083,"leflore, ms"
36115,"washington, ny"
28063,"jefferson, ms"
48137,"edwards, tx"
29171,"putnam, mo"
54083,"randolph, wv"
40107,"okfuskee, ok"
48293,"limestone, tx"
19081,"hancock, ia"
37087,"haywood, nc"
48447,"throckmorton, tx"
37137,"pamlico, nc"
19015,"boone, ia"
48367,"parker, tx"
13091,"dodge, ga"
37171,"surry, nc"
23021,"piscataquis, me"
16037,"custer, id"
17181,"union, il"
8115,"sedgwick, co"
47071,"hardin, tn"
48003,"andrews, tx"
31017,"brown, ne"
54071,"pendleton, wv"
37093,"hoke, nc"
31131,"otoe, ne"
13063,"clayton, ga"
37041,"chowan, nc"
53063,"spokane, wa"
30085,"roosevelt, mt"
26083,"keweenaw, mi"
17077,"jackson, il"
51640,"galax city, va"
17133,"monroe, il"
22001,"acadia, la"
31021,"burt, ne"
37079,"greene, nc"
31181,"webster, ne"
40101,"muskogee, ok"
47105,"loudon, tn"
6021,"glenn, ca"
37081,"guilford, nc"
45047,"greenwood, sc"
17111,"mchenry, il"
55097,"portage, wi"
20163,"rooks, ks"
10001,"kent, de"
17059,"gallatin, il"
8105,"rio grande, co"
51013,"arlington, va"
48243,"jeff davis, tx"
30081,"ravalli, mt"
28057,"itawamba, ms"
20047,"edwards, ks"
5063,"independence, ar"
17085,"jo daviess, il"
19183,"washington, ia"
17121,"marion, il"
21037,"campbell, ky"
48469,"victoria, tx"
8097,"pitkin, co"
39139,"richland, oh"
1119,"sumter, al"
22041,"franklin, la"
54007,"braxton, wv"
8035,"douglas, co"
2122,"kenai peninsula, ak"
38043,"kidder, nd"
51155,"pulaski, va"
42023,"cameron, pa"
54055,"mercer, wv"
37033,"caswell, nc"
56023,"lincoln, wy"
13129,"gordon, ga"
26119,"montmorency, mi"
13069,"coffee, ga"
17033,"crawford, il"
36071,"orange, ny"
18141,"st. joseph, in"
37169,"stokes, nc"
19169,"story, ia"
48183,"gregg, tx"
36013,"chautauqua, ny"
18159,"tipton, in"
20049,"elk, ks"
20081,"haskell, ks"
17039,"de witt, il"
18095,"madison, in"
36111,"ulster, ny"
32510,"carson city, nv"
48363,"palo pinto, tx"
50027,"windsor, vt"
24037,"st. mary's, md"
48051,"burleson, tx"
54043,"lincoln, wv"
48189,"hale, tx"
18161,"union, in"
48297,"live oak, tx"
51081,"greensville, va"
29179,"reynolds, mo"
31155,"saunders, ne"
21157,"marshall, ky"
13205,"mitchell, ga"
13143,"haralson, ga"
55077,"marquette, wi"
19137,"montgomery, ia"
27169,"winona, mn"
21007,"ballard, ky"
9015,"windham, ct"
29061,"daviess, mo"
37001,"alamance, nc"
21147,"mccreary, ky"
56039,"teton, wy"
37061,"duplin, nc"
42009,"bedford, pa"
51163,"rockbridge, va"
48231,"hunt, tx"
41029,"jackson, or"
42041,"cumberland, pa"
19051,"davis, ia"
28029,"copiah, ms"
48321,"matagorda, tx"
29125,"maries, mo"
55033,"dunn, wi"
23019,"penobscot, me"
53035,"kitsap, wa"
20015,"butler, ks"
26087,"lapeer, mi"
18133,"putnam, in"
19065,"fayette, ia"
17053,"ford, il"
29123,"madison, mo"
21211,"shelby, ky"
20061,"geary, ks"
16029,"caribou, id"
22067,"morehouse, la"
22093,"st. james, la"
53043,"lincoln, wa"
4009,"graham, az"
34035,"somerset, nj"
24001,"allegany, md"
21029,"bullitt, ky"
49019,"grand, ut"
13043,"candler, ga"
12103,"pinellas, fl"
22113,"vermilion, la"
40031,"comanche, ok"
48103,"crane, tx"
37175,"transylvania, nc"
31065,"furnas, ne"
41031,"jefferson, or"
10005,"sussex, de"
39159,"union, oh"
50007,"chittenden, vt"
1065,"hale, al"
18089,"lake, in"
51167,"russell, va"
45065,"mccormick, sc"
19095,"iowa, ia"
12101,"pasco, fl"
39047,"fayette, oh"
21025,"breathitt, ky"
26011,"arenac, mi"
19053,"decatur, ia"
48009,"archer, tx"
21177,"muhlenberg, ky"
48027,"bell, tx"
19079,"hamilton, ia"
24031,"montgomery, md"
15007,"kauai, hi"
40133,"seminole, ok"
26123,"newaygo, mi"
27023,"chippewa, mn"
8063,"kit carson, co"
51113,"madison, va"
4015,"mohave, az"
36047,"kings, ny"
19127,"marshall, ia"
26075,"jackson, mi"
47173,"union, tn"
17143,"peoria, il"
19097,"jackson, ia"
13209,"montgomery, ga"
5021,"clay, ar"
17145,"perry, il"
5081,"little river, ar"
36067,"onondaga, ny"
18099,"marshall, in"
39031,"coshocton, oh"
27057,"hubbard, mn"
54041,"lewis, wv"
18063,"hendricks, in"
18127,"porter, in"
26133,"osceola, mi"
18029,"dearborn, in"
28075,"lauderdale, ms"
26149,"st. joseph, mi"
48287,"lee, tx"
32027,"pershing, nv"
20007,"barber, ks"
35043,"sandoval, nm"
19189,"winnebago, ia"
27151,"swift, mn"
34025,"monmouth, nj"
31105,"kimball, ne"
22047,"iberville, la"
40051,"grady, ok"
32021,"mineral, nv"
29219,"warren, mo"
28155,"webster, ms"
13317,"wilkes, ga"
55069,"lincoln, wi"
48117,"deaf smith, tx"
31143,"polk, ne"
19029,"cass, ia"
29221,"washington, mo"
39033,"crawford, oh"
5149,"yell, ar"
37177,"tyrrell, nc"
24011,"caroline, md"
48415,"scurry, tx"
22061,"lincoln, la"
49043,"summit, ut"
28047,"harrison, ms"
27089,"marshall, mn"
26165,"wexford, mi"
50019,"orleans, vt"
17185,"wabash, il"
24015,"cecil, md"
17079,"jasper, il"
30087,"rosebud, mt"
13053,"chattahoochee, ga"
6095,"solano, ca"
13027,"brooks, ga"
39101,"marion, oh"
8073,"lincoln, co"
20035,"cowley, ks"
48061,"cameron, tx"
13227,"pickens, ga"
48021,"bastrop, tx"
48463,"uvalde, tx"
21143,"lyon, ky"
31039,"cuming, ne"
2130,"ketchikan gateway, ak"
8085,"montrose, co"
55001,"adams, wi"
19149,"plymouth, ia"
1083,"limestone, al"
42029,"chester, pa"
1091,"marengo, al"
12019,"clay, fl"
17083,"jersey, il"
37183,"wake, nc"
25015,"hampshire, ma"
12015,"charlotte, fl"
27061,"itasca, mn"
45019,"charleston, sc"
36091,"saratoga, ny"
28089,"madison, ms"
47103,"lincoln, tn"
53039,"klickitat, wa"
42037,"columbia, pa"
53009,"clallam, wa"
49037,"san juan, ut"
5123,"st. francis, ar"
19071,"fremont, ia"
29109,"lawrence, mo"
55061,"kewaunee, wi"
9007,"middlesex, ct"
31129,"nuckolls, ne"
28081,"lee, ms"
51775,"salem, va"
1067,"henry, al"
36083,"rensselaer, ny"
27133,"rock, mn"
13155,"irwin, ga"
48457,"tyler, tx"
38041,"hettinger, nd"
39001,"adams, oh"
21083,"graves, ky"
51137,"orange, va"
53073,"whatcom, wa"
48129,"donley, tx"
48361,"orange, tx"
26055,"grand traverse, mi"
36015,"chemung, ny"
39105,"meigs, oh"
26009,"antrim, mi"
33011,"hillsborough, nh"
27111,"otter tail, mn"
46093,"meade, sd"
1063,"greene, al"
30053,"lincoln, mt"
27153,"todd, mn"
47111,"macon, tn"
22091,"st. helena, la"
31145,"red willow, ne"
51690,"martinsville city, va"
19197,"wright, ia"
45027,"clarendon, sc"
48047,"brooks, tx"
48399,"runnels, tx"
27055,"houston, mn"
13213,"murray, ga"
16017,"bonner, id"
29143,"new madrid, mo"
20065,"graham, ks"
48155,"foard, tx"
46049,"faulk, sd"
46031,"corson, sd"
46111,"sanborn, sd"
31103,"keya paha, ne"
48211,"hemphill, tx"
39147,"seneca, oh"
41043,"linn, or"
46101,"moody, sd"
22107,"tensas, la"
38081,"sargent, nd"
46121,"todd, sd"
30055,"mccone, mt"
20071,"greeley, ks"
38095,"towner, nd"
54091,"taylor, wv"
13177,"lee, ga"
18015,"carroll, in"
19035,"cherokee, ia"
25009,"essex, ma"
13035,"butts, ga"
21109,"jackson, ky"
22119,"webster, la"
54047,"mcdowell, wv"
28121,"rankin, ms"
18169,"wabash, in"
48455,"trinity, tx"
22029,"concordia, la"
28133,"sunflower, ms"
12029,"dixie, fl"
27147,"steele, mn"
31077,"greeley, ne"
13101,"echols, ga"
48311,"mcmullen, tx"
46069,"hyde, sd"
46023,"charles mix, sd"
2070,"dillingham, ak"
35049,"santa fe, nm"
8033,"dolores, co"
6083,"santa barbara, ca"
33005,"cheshire, nh"
31153,"sarpy, ne"
16027,"canyon, id"
51600,"fairfax city, va"
49005,"cache, ut"
19017,"bremer, ia"
37187,"washington, nc"
8093,"park, co"
20067,"grant, ks"
29145,"newton, mo"
51025,"brunswick, va"
28163,"yazoo, ms"
48471,"walker, tx"
29165,"platte, mo"
1039,"covington, al"
48087,"collingsworth, tx"
30097,"sweet grass, mt"
35031,"mckinley, nm"
29045,"clark, mo"
46107,"potter, sd"
54075,"pocahontas, wv"
38027,"eddy, nd"
38087,"slope, nd"
31075,"grant, ne"
51530,"buena vista city, va"
31009,"blaine, ne"
29089,"howard, mo"
38037,"grant, nd"
13287,"turner, ga"
2230,"skagway, ak"
31115,"loup, ne"
35029,"luna, nm"
32033,"white pine, nv"
30069,"petroleum, mt"
48505,"zapata, tx"
56041,"uinta, wy"
13007,"baker, ga"
46005,"beadle, sd"
21153,"magoffin, ky"
20017,"chase, ks"
19119,"lyon, ia"
46059,"hand, sd"
48369,"parmer, tx"
2105,"hoonah-angoon, ak"
13003,"atkinson, ga"
35009,"curry, nm"
46137,"ziebach, sd"
28069,"kemper, ms"
2195,"petersburg, ak"
31015,"boyd, ne"
2020,"anchorage, ak"
18025,"crawford, in"
32011,"eureka, nv"
31183,"wheeler, ne"
2150,"kodiak island, ak"
46013,"brown, sd"
2164,"lake and peninsula, ak"
28149,"warren, ms"
56025,"natrona, wy"
48393,"roberts, tx"
46035,"davison, sd"
5029,"conway, ar"
46123,"tripp, sd"
41009,"columbia, or"
47063,"hamblen, tn"
21105,"hickman, ky"
29167,"polk, mo"
13239,"quitman, ga"
37017,"bladen, nc"
4017,"navajo, az"
19175,"union, ia"
21077,"gallatin, ky"
39061,"hamilton, oh"
13051,"chatham, ga"
17173,"shelby, il"
30031,"gallatin, mt"
20209,"wyandotte, ks"
46083,"lincoln, sd"
48229,"hudspeth, tx"
20101,"lane, ks"
35015,"eddy, nm"
48263,"kent, tx"
46063,"harding, sd"
5073,"lafayette, ar"
30071,"phillips, mt"
40057,"harmon, ok"
22035,"east carroll, la"
27127,"redwood, mn"
48079,"cochran, tx"
31167,"stanton, ne"
38039,"griggs, nd"
30025,"fallon, mt"
16025,"camas, id"
30051,"liberty, mt"
20141,"osborne, ks"
16033,"clark, id"
17163,"st. clair, il"
22069,"natchitoches, la"
6089,"shasta, ca"
38077,"richland, nd"
8095,"phillips, co"
29186,"ste. genevieve, mo"
20129,"morton, ks"
48167,"galveston, tx"
5107,"phillips, ar"
48239,"jackson, tx"
21055,"crittenden, ky"
19027,"carroll, ia"
1075,"lamar, al"
16077,"power, id"
5059,"hot spring, ar"
39017,"butler, oh"
47079,"henry, tn"
42123,"warren, pa"
13075,"cook, ga"
22037,"east feliciana, la"
1011,"bullock, al"
55067,"langlade, wi"
40143,"tulsa, ok"
38103,"wells, nd"
20027,"clay, ks"
48377,"presidio, tx"
31159,"seward, ne"
6079,"san luis obispo, ca"
39141,"ross, oh"
21087,"green, ky"
55113,"sawyer, wi"
20097,"kiowa, ks"
31113,"logan, ne"
30045,"judith basin, mt"
29227,"worth, mo"
46003,"aurora, sd"
46075,"jones, sd"
20171,"scott, ks"
40019,"carter, ok"
13173,"lanier, ga"
6063,"plumas, ca"
41055,"sherman, or"
51107,"loudoun, va"
41041,"lincoln, or"
28085,"lincoln, ms"
53019,"ferry, wa"
39155,"trumbull, oh"
13085,"dawson, ga"
31023,"butler, ne"
37057,"davidson, nc"
51131,"northampton, va"
39175,"wyandot, oh"
24047,"worcester, md"
44005,"newport, ri"
50013,"grand isle, vt"
36049,"lewis, ny"
5099,"nevada, ar"
31111,"lincoln, ne"
46037,"day, sd"
46097,"miner, sd"
42129,"westmoreland, pa"
34005,"burlington, nj"
22127,"winn, la"
55029,"door, wi"
46127,"union, sd"
46047,"fall river, sd"
47141,"putnam, tn"
12086,"miami-dade, fl"
1019,"cherokee, al"
47119,"maury, tn"
27065,"kanabec, mn"
48219,"hockley, tx"
17109,"mcdonough, il"
18165,"vermillion, in"
51117,"mecklenburg, va"
27021,"cass, mn"
37143,"perquimans, nc"
12119,"sumter, fl"
37073,"gates, nc"
12107,"putnam, fl"
31161,"sheridan, ne"
51159,"richmond, va"
21063,"elliott, ky"
29075,"gentry, mo"
17067,"hancock, il"
33013,"merrimack, nh"
29189,"st. louis, mo"
35053,"socorro, nm"
21009,"barren, ky"
45085,"sumter, sc"
29129,"mercer, mo"
2068,"denali, ak"
54009,"brooke, wv"
26163,"wayne, mi"
31133,"pawnee, ne"
38067,"pembina, nd"
45075,"orangeburg, sc"
42115,"susquehanna, pa"
54107,"wood, wv"
20115,"marion, ks"
48395,"robertson, tx"
17203,"woodford, il"
30095,"stillwater, mt"
16047,"gooding, id"
33001,"belknap, nh"
13299,"ware, ga"
47129,"morgan, tn"
48223,"hopkins, tx"
19033,"cerro gordo, ia"
26025,"calhoun, mi"
39067,"harrison, oh"
15009,"maui, hi"
30099,"teton, mt"
36109,"tompkins, ny"
1105,"perry, al"
48313,"madison, tx"
51720,"norton city, va"
18019,"clark, in"
42085,"mercer, pa"
13079,"crawford, ga"
13279,"toombs, ga"
1049,"dekalb, al"
29035,"carter, mo"
27085,"mcleod, mn"
8017,"cheyenne, co"
12127,"volusia, fl"
39035,"cuyahoga, oh"
27059,"isanti, mn"
4019,"pima, az"
36023,"cortland, ny"
48135,"ector, tx"
29173,"ralls, mo"
6053,"monterey, ca"
45063,"lexington, sc"
53037,"kittitas, wa"
33009,"grafton, nh"
48427,"starr, tx"
26019,"benzie, mi"
19037,"chickasaw, ia"
21149,"mclean, ky"
20119,"meade, ks"
29093,"iron, mo"
47015,"cannon, tn"
48439,"tarrant, tx"
23015,"lincoln, me"
37167,"stanly, nc"
18121,"parke, in"
48227,"howard, tx"
51520,"bristol, va"
1027,"clay, al"
48185,"grimes, tx"
13131,"grady, ga"
1055,"etowah, al"
12041,"gilchrist, fl"
6039,"madera, ca"
45091,"york, sc"
40105,"nowata, ok"
18023,"clinton, in"
47101,"lewis, tn"
21045,"casey, ky"
13295,"walker, ga"
29211,"sullivan, mo"
20025,"clark, ks"
48317,"martin, tx"
39057,"greene, oh"
8001,"adams, co"
29177,"ray, mo"
39043,"erie, oh"
27167,"wilkin, mn"
5141,"van buren, ar"
42067,"juniata, pa"
37105,"lee, nc"
21173,"montgomery, ky"
18079,"jennings, in"
38053,"mckenzie, nd"
21067,"fayette, ky"
55099,"price, wi"
22013,"bienville, la"
24033,"prince george's, md"
47029,"cocke, tn"
26007,"alpena, mi"
48409,"san patricio, tx"
8123,"weld, co"
21217,"taylor, ky"
40071,"kay, ok"
1077,"lauderdale, al"
20155,"reno, ks"
19005,"allamakee, ia"
45051,"horry, sc"
46073,"jerauld, sd"
28071,"lafayette, ms"
27047,"freeborn, mn"
17057,"fulton, il"
48039,"brazoria, tx"
29229,"wright, mo"
20169,"saline, ks"
5115,"pope, ar"
54031,"hardy, wv"
5069,"jefferson, ar"
5137,"stone, ar"
51007,"amelia, va"
13159,"jasper, ga"
36105,"sullivan, ny"
21179,"nelson, ky"
1087,"macon, al"
13165,"jenkins, ga"
42083,"mckean, pa"
22071,"orleans, la"
21081,"grant, ky"
26095,"luce, mi"
41005,"clackamas, or"
22021,"caldwell, la"
19173,"taylor, ia"
13071,"colquitt, ga"
27159,"wadena, mn"
25013,"hampden, ma"
38079,"rolette, nd"
53029,"island, wa"
12081,"manatee, fl"
27157,"wabasha, mn"
2100,"haines, ak"
13273,"terrell, ga"
46125,"turner, sd"
16023,"butte, id"
51057,"essex, va"
48107,"crosby, tx"
39077,"huron, oh"
6061,"placer, ca"
45017,"calhoun, sc"
5105,"perry, ar"
32019,"lyon, nv"
28065,"jefferson davis, ms"
38089,"stark, nd"
8069,"larimer, co"
48057,"calhoun, tx"
30073,"pondera, mt"
31093,"howard, ne"
41037,"lake, or"
39015,"brown, oh"
30005,"blaine, mt"
2050,"bethel, ak"
30079,"prairie, mt"
46061,"hanson, sd"
8061,"kiowa, co"
20135,"ness, ks"
36035,"fulton, ny"
13025,"brantley, ga"
51620,"franklin city, va"
35041,"roosevelt, nm"
46079,"lake, sd"
56037,"sweetwater, wy"
31091,"hooker, ne"
46085,"lyman, sd"
35023,"hidalgo, nm"
2180,"nome, ak"
40079,"le flore, ok"
31165,"sioux, ne"
27101,"murray, mn"
48333,"mills, tx"
28053,"humphreys, ms"
54099,"wayne, wv"
51685,"manassas park city, va"
21001,"adair, ky"
42111,"somerset, pa"
48365,"panola, tx"
40113,"osage, ok"
39083,"knox, oh"
28009,"benton, ms"
35039,"rio arriba, nm"
1043,"cullman, al"
31001,"adams, ne"
21031,"butler, ky"
13029,"bryan, ga"
18091,"laporte, in"
48029,"bexar, tx"
30103,"treasure, mt"
32009,"esmeralda, nv"
48345,"motley, tx"
21141,"logan, ky"
13265,"taliaferro, ga"
48101,"cottle, tx"
32017,"lincoln, nv"
48431,"sterling, tx"
50023,"washington, vt"
51133,"northumberland, va"
5139,"union, ar"
39089,"licking, oh"
40091,"mcintosh, ok"
21121,"knox, ky"
30023,"deer lodge, mt"
27165,"watonwan, mn"
39137,"putnam, oh"
51049,"cumberland, va"
27015,"brown, mn"
13267,"tattnall, ga"
30001,"beaverhead, mt"
17161,"rock island, il"
20085,"jackson, ks"
40127,"pushmataha, ok"
12039,"gadsden, fl"
16057,"latah, id"
13011,"banks, ga"
54063,"monroe, wv"
20009,"barton, ks"
26131,"ontonagon, mi"
13199,"meriwether, ga"
48489,"willacy, tx"
1073,"jefferson, al"
17141,"ogle, il"
29001,"adair, mo"
12085,"martin, fl"
48081,"coke, tx"
13023,"bleckley, ga"
18103,"miami, in"
37173,"swain, nc"
20091,"johnson, ks"
27007,"beltrami, mn"
46033,"custer, sd"
5143,"washington, ar"
28013,"calhoun, ms"
51179,"stafford, va"
29163,"pike, mo"
26067,"ionia, mi"
27115,"pine, mn"
25021,"norfolk, ma"
48159,"franklin, tx"
27099,"mower, mn"
37011,"avery, nc"
19073,"greene, ia"
48201,"harris, tx"
31099,"kearney, ne"
29223,"wayne, mo"
28087,"lowndes, ms"
27171,"wright, mn"
17117,"macoupin, il"
40147,"washington, ok"
32013,"humboldt, nv"
51135,"nottoway, va"
48049,"brown, tx"
8103,"rio blanco, co"
23017,"oxford, me"
13181,"lincoln, ga"
5057,"hempstead, ar"
39063,"hancock, oh"
48475,"ward, tx"
47075,"haywood, tn"
36103,"suffolk, ny"
1125,"tuscaloosa, al"
21017,"bourbon, ky"
47027,"clay, tn"
27135,"roseau, mn"
6103,"tehama, ca"
47167,"tipton, tn"
51177,"spotsylvania, va"
42011,"berks, pa"
20031,"coffey, ks"
45039,"fairfield, sc"
17193,"white, il"
20087,"jefferson, ks"
24009,"calvert, md"
18097,"marion, in"
36007,"broome, ny"
31125,"nance, ne"
6075,"san francisco, ca"
6031,"kings, ca"
48235,"irion, tx"
13059,"clarke, ga"
48173,"glasscock, tx"
6023,"humboldt, ca"
21117,"kenton, ky"
41035,"klamath, or"
48245,"jefferson, tx"
26137,"otsego, mi"
49017,"garfield, ut"
5075,"lawrence, ar"
24023,"garrett, md"
13147,"hart, ga"
13077,"coweta, ga"
13207,"monroe, ga"
20029,"cloud, ks"
32001,"churchill, nv"
49039,"sanpete, ut"
51141,"patrick, va"
53025,"grant, wa"
36059,"nassau, ny"
6047,"merced, ca"
28025,"clay, ms"
41049,"morrow, or"
20183,"smith, ks"
53071,"walla walla, wa"
42081,"lycoming, pa"
16049,"idaho, id"
35047,"san miguel, nm"
20145,"pawnee, ks"
17105,"livingston, il"
13245,"richmond, ga"
18179,"wells, in"
48143,"erath, tx"
54051,"marshall, wv"
34013,"essex, nj"
18151,"steuben, in"
1041,"crenshaw, al"
21129,"lee, ky"
28141,"tishomingo, ms"
47179,"washington, tn"
38061,"mountrail, nd"
48163,"frio, tx"
49027,"millard, ut"
48429,"stephens, tx"
49057,"weber, ut"
20001,"allen, ks"
6009,"calaveras, ca"
34039,"union, nj"
29117,"livingston, mo"
55021,"columbia, wi"
51097,"king and queen, va"
55041,"forest, wi"
16019,"bonneville, id"
13195,"madison, ga"
22123,"west carroll, la"
20003,"anderson, ks"
48153,"floyd, tx"
55085,"oneida, wi"
48171,"gillespie, tx"
38091,"steele, nd"
16067,"minidoka, id"
55045,"green, wi"
48011,"armstrong, tx"
48023,"baylor, tx"
51051,"dickenson, va"
37165,"scotland, nc"
20185,"stafford, ks"
48139,"ellis, tx"
54077,"preston, wv"
19177,"van buren, ia"
48035,"bosque, tx"
9003,"hartford, ct"
36123,"yates, ny"
21039,"carlisle, ky"
19107,"keokuk, ia"
38051,"mcintosh, nd"
45005,"allendale, sc"
5013,"calhoun, ar"
20075,"hamilton, ks"
48157,"fort bend, tx"
29007,"audrain, mo"
48259,"kendall, tx"
26071,"iron, mi"
54011,"cabell, wv"
16035,"clearwater, id"
29133,"mississippi, mo"
19061,"dubuque, ia"
53075,"whitman, wa"
31089,"holt, ne"
21111,"jefferson, ky"
13163,"jefferson, ga"
12113,"santa rosa, fl"
5127,"scott, ar"
48109,"culberson, tx"
48069,"castro, tx"
29037,"cass, mo"
27163,"washington, mn"
6005,"amador, ca"
41003,"benton, or"
13225,"peach, ga"
29183,"st. charles, mo"
22027,"claiborne, la"
53041,"lewis, wa"
4025,"yavapai, az"
40077,"latimer, ok"
32007,"elko, nv"
8015,"chaffee, co"
20105,"lincoln, ks"
12105,"polk, fl"
19057,"des moines, ia"
42051,"fayette, pa"
6007,"butte, ca"
37109,"lincoln, nc"
29215,"texas, mo"
47043,"dickson, tn"
55003,"ashland, wi"
8065,"lake, co"
53017,"douglas, wa"
48037,"bowie, tx"
12003,"baker, fl"
34023,"middlesex, nj"
26093,"livingston, mi"
21171,"monroe, ky"
54023,"grant, wv"
47001,"anderson, tn"
29071,"franklin, mo"
13187,"lumpkin, ga"
51740,"portsmouth city, va"
2198,"prince of wales-hyder, ak"
48467,"van zandt, tx"
9001,"fairfield, ct"
20167,"russell, ks"
1129,"washington, al"
6019,"fresno, ca"
21023,"bracken, ky"
39107,"mercer, oh"
26153,"schoolcraft, mi"
6069,"san benito, ca"
13145,"harris, ga"
16079,"shoshone, id"
28011,"bolivar, ms"
13149,"heard, ga"
1009,"blount, al"
8081,"moffat, co"
48257,"kaufman, tx"
24019,"dorchester, md"
13233,"polk, ga"
9011,"new london, ct"
51660,"harrisonburg city, va"
36039,"greene, ny"
41057,"tillamook, or"
5019,"clark, ar"
48031,"blanco, tx"
24043,"washington, md"
51570,"colonial heights city, va"
13275,"thomas, ga"
16041,"franklin, id"
24039,"somerset, md"
47061,"grundy, tn"
47153,"sequatchie, tn"
41023,"grant, or"
28157,"wilkinson, ms"
18115,"ohio, in"
49023,"juab, ut"
47069,"hardeman, tn"
29213,"taney, mo"
28143,"tunica, ms"
32023,"nye, nv"
22083,"richland, la"
39109,"miami, oh"
40055,"greer, ok"
29051,"cole, mo"
20181,"sherman, ks"
37163,"sampson, nc"
40037,"creek, ok"
35045,"san juan, nm"
24510,"baltimore city, md"
28135,"tallahatchie, ms"
51033,"caroline, va"
13009,"baldwin, ga"
32015,"lander, nv"
18057,"hamilton, in"
51199,"york, va"
42073,"lawrence, pa"
4005,"coconino, az"
4001,"apache, az"
13083,"dade, ga"
51103,"lancaster, va"
54087,"roane, wv"
51630,"fredericksburg city, va"
13161,"jeff davis, ga"
17065,"hamilton, il"
26013,"baraga, mi"
34017,"hudson, nj"
40003,"alfalfa, ok"
19063,"emmet, ia"
12069,"lake, fl"
44007,"providence, ri"
5071,"johnson, ar"
31083,"harlan, ne"
47039,"decatur, tn"
13217,"newton, ga"
5039,"dallas, ar"
45081,"saluda, sc"
38059,"morton, nd"
37117,"martin, nc"
28005,"amite, ms"
17035,"cumberland, il"
28067,"jones, ms"
37051,"cumberland, nc"
40097,"mayes, ok"
21185,"oldham, ky"
37007,"anson, nc"
13093,"dooly, ga"
27113,"pennington, mn"
47097,"lauderdale, tn"
37055,"dare, nc"
39113,"montgomery, oh"
21107,"hopkins, ky"
13171,"lamar, ga"
38025,"dunn, nd"
36041,"hamilton, ny"
17187,"warren, il"
48397,"rockwall, tx"
49041,"sevier, ut"
34029,"ocean, nj"
48065,"carson, tx"
36019,"clinton, ny"
6101,"sutter, ca"
41001,"baker, or"
42091,"montgomery, pa"
27149,"stevens, mn"
5005,"baxter, ar"
17095,"knox, il"
29025,"caldwell, mo"
12129,"wakulla, fl"
19101,"jefferson, ia"
26039,"crawford, mi"
26107,"mecosta, mi"
42093,"montour, pa"
56035,"sublette, wy"
34009,"cape may, nj"
5043,"drew, ar"
28115,"pontotoc, ms"
39119,"muskingum, oh"
20161,"riley, ks"
19163,"scott, ia"
27123,"ramsey, mn"
47189,"wilson, tn"
47033,"crockett, tn"
40059,"harper, ok"
21145,"mccracken, ky"
28139,"tippah, ms"
31067,"gage, ne"
26159,"van buren, mi"
6093,"siskiyou, ca"
48473,"waller, tx"
48071,"chambers, tx"
42109,"snyder, pa"
37003,"alexander, nc"
5009,"boone, ar"
12095,"orange, fl"
35001,"bernalillo, nm"
54029,"hancock, wv"
37085,"harnett, nc"
48481,"wharton, tx"
40035,"craig, ok"
39065,"hardin, oh"
12001,"alachua, fl"
20093,"kearny, ks"
55019,"clark, wi"
46045,"edmunds, sd"
46089,"mcpherson, sd"
48357,"ochiltree, tx"
17115,"macon, il"
51045,"craig, va"
31163,"sherman, ne"
47159,"smith, tn"
51059,"fairfax, va"
30019,"daniels, mt"
30033,"garfield, mt"
2016,"aleutians west, ak"
13125,"glascock, ga"
47065,"hamilton, tn"
29185,"st. clair, mo"
40103,"noble, ok"
29187,"st. francois, mo"
17017,"cass, il"
51161,"roanoke, va"
48207,"haskell, tx"
51610,"falls church city, va"
48383,"reagan, tx"
32029,"storey, nv"
42055,"franklin, pa"
17135,"montgomery, il"
31063,"frontier, ne"
19099,"jasper, ia"
38033,"golden valley, nd"
21011,"bath, ky"
8009,"baca, co"
38063,"nelson, nd"
5121,"randolph, ar"
49055,"wayne, ut"
54067,"nicholas, wv"
45069,"marlboro, sc"
2290,"yukon-koyukuk, ak"
56009,"converse, wy"
13307,"webster, ga"
35005,"chaves, nm"
31069,"garden, ne"
48033,"borden, tx"
56043,"washakie, wy"
1109,"pike, al"
5101,"newton, ar"
27049,"goodhue, mn"
55065,"lafayette, wi"
40065,"jackson, ok"
20121,"miami, ks"
17155,"putnam, il"
6049,"modoc, ca"
48097,"cooke, tx"
13039,"camden, ga"
31173,"thurston, ne"
8005,"arapahoe, co"
5051,"garland, ar"
17097,"lake, il"
37091,"hertford, nc"
55078,"menominee, wi"
5003,"ashley, ar"
35035,"otero, nm"
13109,"evans, ga"
51820,"waynesboro city, va"
40141,"tillman, ok"
41071,"yamhill, or"
12037,"franklin, fl"
49047,"uintah, ut"
16039,"elmore, id"
19067,"floyd, ia"
16031,"cassia, id"
2240,"southeast fairbanks, ak"
6003,"alpine, ca"
8113,"san miguel, co"
19115,"louisa, ia"
13169,"jones, ga"
17149,"pike, il"
20069,"gray, ks"
18053,"grant, in"
45087,"union, sc"
47117,"marshall, tn"
1121,"talladega, al"
35057,"torrance, nm"
50021,"rutland, vt"
17049,"effingham, il"
17015,"carroll, il"
28039,"george, ms"
39005,"ashland, oh"
48403,"sabine, tx"
47007,"bledsoe, tn"
55121,"trempealeau, wi"
19075,"grundy, ia"
28077,"lawrence, ms"
45077,"pickens, sc"
40033,"cotton, ok"
29009,"barry, mo"
21223,"trimble, ky"
55081,"monroe, wi"
24005,"baltimore, md"
12055,"highlands, fl"
31127,"nemaha, ne"
54081,"raleigh, wv"
6033,"lake, ca"
40021,"cherokee, ok"
18049,"fulton, in"
6115,"yuba, ca"
36029,"erie, ny"
31185,"york, ne"
17069,"hardin, il"
36045,"jefferson, ny"
30089,"sanders, mt"
42031,"clarion, pa"
51001,"accomack, va"
13105,"elbert, ga"
23007,"franklin, me"
31013,"box butte, ne"
1031,"coffee, al"
48459,"upshur, tx"
51083,"halifax, va"
40061,"haskell, ok"
47157,"shelby, tn"
5007,"benton, ar"
55135,"waupaca, wi"
41011,"coos, or"
29049,"clinton, mo"
36087,"rockland, ny"
21043,"carter, ky"
17137,"morgan, il"
1107,"pickens, al"
8023,"costilla, co"
39037,"darke, oh"
27039,"dodge, mn"
50003,"bennington, vt"
38049,"mchenry, nd"
51027,"buchanan, va"
48099,"coryell, tx"
36095,"schoharie, ny"
19059,"dickinson, ia"
38015,"burleigh, nd"
5083,"logan, ar"
47093,"knox, tn"
21193,"perry, ky"
21187,"owen, ky"
21071,"floyd, ky"
29195,"saline, mo"
28129,"smith, ms"
48091,"comal, tx"
38045,"lamoure, nd"
27063,"jackson, mn"
30049,"lewis and clark, mt"
29119,"mcdonald, mo"
22059,"lasalle, la"
19117,"lucas, ia"
17183,"vermilion, il"
19181,"warren, ia"
13001,"appling, ga"
38023,"divide, nd"
48483,"wheeler, tx"
42069,"lackawanna, pa"
29013,"bates, mo"
6057,"nevada, ca"
47011,"bradley, tn"
13283,"treutlen, ga"
22117,"washington, la"
29139,"montgomery, mo"
19041,"clay, ia"
8003,"alamosa, co"
27031,"cook, mn"
13017,"ben hill, ga"
16015,"boise, id"
8089,"otero, co"
23029,"washington, me"
17073,"henry, il"
54013,"calhoun, wv"
47017,"carroll, tn"
5135,"sharp, ar"
37147,"pitt, nc"
29011,"barton, mo"
13061,"clay, ga"
37095,"hyde, nc"
20117,"marshall, ks"
40109,"oklahoma, ok"
17159,"richland, il"
45023,"chester, sc"
38057,"mercer, nd"
18113,"noble, in"
21183,"ohio, ky"
5031,"craighead, ar"
51580,"covington city, va"
56007,"carbon, wy"
5129,"searcy, ar"
28099,"neshoba, ms"
36113,"warren, ny"
51091,"highland, va"
12027,"desoto, fl"
45055,"kershaw, sc"
26001,"alcona, mi"
28111,"perry, ms"
48423,"smith, tx"
37031,"carteret, nc"
23005,"cumberland, me"
45071,"newberry, sc"
49045,"tooele, ut"
12117,"seminole, fl"
38099,"walsh, nd"
5077,"lee, ar"
51165,"rockingham, va"
13127,"glynn, ga"
19007,"appanoose, ia"
40075,"kiowa, ok"
29097,"jasper, mo"
51019,"bedford, va"
1053,"escambia, al"
39151,"stark, oh"
20127,"morris, ks"
37047,"columbus, nc"
55073,"marathon, wi"
48241,"jasper, tx"
37199,"yancey, nc"
46081,"lawrence, sd"
45011,"barnwell, sc"
21239,"woodford, ky"
28023,"clarke, ms"
53051,"pend oreille, wa"
47059,"greene, tn"
38003,"barnes, nd"
28161,"yalobusha, ms"
35051,"sierra, nm"
22019,"calcasieu, la"
8119,"teller, co"
55087,"outagamie, wi"
28001,"adams, ms"
21139,"livingston, ky"
46025,"clark, sd"
26097,"mackinac, mi"
27129,"renville, mn"
21169,"metcalfe, ky"
37145,"person, nc"
13281,"towns, ga"
21091,"hancock, ky"
20011,"bourbon, ks"
36027,"dutchess, ny"
27067,"kandiyohi, mn"
18011,"boone, in"
13095,"dougherty, ga"
22115,"vernon, la"
53077,"yakima, wa"
30101,"toole, mt"
22025,"catahoula, la"
39157,"tuscarawas, oh"
1061,"geneva, al"
26155,"shiawassee, mi"
36121,"wyoming, ny"
6045,"mendocino, ca"
20189,"stevens, ks"
21021,"boyle, ky"
48285,"lavaca, tx"
26151,"sanilac, mi"
26077,"kalamazoo, mi"
54027,"hampshire, wv"
28091,"marion, ms"
42103,"pike, pa"
41065,"wasco, or"
28049,"hinds, ms"
18105,"monroe, in"
51193,"westmoreland, va"
21019,"boyd, ky"
51011,"appomattox, va"
39169,"wayne, oh"
31055,"douglas, ne"
36011,"cayuga, ny"
42057,"fulton, pa"
19155,"pottawattamie, ia"
51031,"campbell, va"
39153,"summit, oh"
47095,"lake, tn"
18175,"washington, in"
13111,"fannin, ga"
28017,"chickasaw, ms"
54103,"wetzel, wv"
23025,"somerset, me"
6041,"marin, ca"
13005,"bacon, ga"
47003,"bedford, tn"
21213,"simpson, ky"
21195,"pike, ky"
37027,"caldwell, nc"
34001,"atlantic, nj"
18031,"decatur, in"
40111,"okmulgee, ok"
20063,"gove, ks"
48433,"stonewall, tx"
27069,"kittson, mn"
45037,"edgefield, sc"
51063,"floyd, va"
37045,"cleveland, nc"
28033,"desoto, ms"
55093,"pierce, wi"
55043,"grant, wi"
37195,"wilson, nc"
18033,"dekalb, in"
31059,"fillmore, ne"
31107,"knox, ne"
22085,"sabine, la"
13197,"marion, ga"
55055,"jefferson, wi"
1025,"clarke, al"
40015,"caddo, ok"
40085,"love, ok"
13021,"bibb, ga"
27075,"lake, mn"
30047,"lake, mt"
24041,"talbot, md"
15001,"hawaii, hi"
27081,"lincoln, mn"
16059,"lemhi, id"
2220,"sitka, ak"
42131,"wyoming, pa"
36031,"essex, ny"
17107,"logan, il"
8027,"custer, co"
5067,"jackson, ar"
21235,"whitley, ky"
13261,"sumter, ga"
47107,"mcminn, tn"
13087,"decatur, ga"
47109,"mcnairy, tn"
13139,"hall, ga"
41017,"deschutes, or"
19151,"pocahontas, ia"
27025,"chisago, mn"
19123,"mahaska, ia"
55075,"marinette, wi"
54021,"gilmer, wv"
19145,"page, ia"
48001,"anderson, tx"
54101,"webster, wv"
48501,"yoakum, tx"
16075,"payette, id"
37103,"jones, nc"
28031,"covington, ms"
51650,"hampton city, va"
51735,"poquoson city, va"
48331,"milam, tx"
18039,"elkhart, in"
22111,"union, la"
25003,"berkshire, ma"
17157,"randolph, il"
53013,"columbia, wa"
37089,"henderson, nc"
20207,"woodson, ks"
36073,"orleans, ny"
48327,"menard, tx"
39019,"carroll, oh"
53057,"skagit, wa"
6037,"los angeles, ca"
42053,"forest, pa"
29199,"scotland, mo"
39161,"van wert, oh"
51680,"lynchburg city, va"
21101,"henderson, ky"
48169,"garza, tx"
46067,"hutchinson, sd"
29181,"ripley, mo"
19171,"tama, ia"
27145,"stearns, mn"
40069,"johnston, ok"
8019,"clear creek, co"
26141,"presque isle, mi"
29059,"dallas, mo"
39127,"perry, oh"
29131,"miller, mo"
6071,"san bernardino, ca"
27141,"sherburne, mn"
42015,"bradford, pa"
37099,"jackson, nc"
20143,"ottawa, ks"
51067,"franklin, va"
48465,"val verde, tx"
31139,"pierce, ne"
16083,"twin falls, id"
48351,"newton, tx"
44009,"washington, ri"
55025,"dane, wi"
56001,"albany, wy"
13309,"wheeler, ga"
48495,"winkler, tx"
42077,"lehigh, pa"
19091,"humboldt, ia"
2090,"fairbanks north star, ak"
40095,"marshall, ok"
22023,"cameron, la"
48387,"red river, tx"
1015,"calhoun, al"
8121,"washington, co"
54073,"pleasants, wv"
48075,"childress, tx"
55063,"la crosse, wi"
48077,"clay, tx"
37019,"brunswick, nc"
6111,"ventura, ca"
22087,"st. bernard, la"
20109,"logan, ks"
46117,"stanley, sd"
54049,"marion, wv"
55127,"walworth, wi"
20013,"brown, ks"
16001,"ada, id"
55031,"douglas, wi"
17099,"lasalle, il"
5061,"howard, ar"
21123,"larue, ky"
41067,"washington, or"
35007,"colfax, nm"
41027,"hood river, or"
18047,"franklin, in"
50017,"orange, vt"
19167,"sioux, ia"
48441,"taylor, tx"
28103,"noxubee, ms"
6105,"trinity, ca"
56005,"campbell, wy"
41039,"lane, or"
48309,"mclennan, tx"
20133,"neosho, ks"
31053,"dodge, ne"
31137,"phelps, ne"
18117,"orange, in"
5017,"chicot, ar"
1085,"lowndes, al"
48381,"randall, tx"
26143,"roscommon, mi"
27091,"martin, mn"
48329,"midland, tx"
38065,"oliver, nd"
47123,"monroe, tn"
48307,"mcculloch, tx"
54093,"tucker, wv"
39111,"monroe, oh"
51173,"smyth, va"
55137,"waushara, wi"
51009,"amherst, va"
27143,"sibley, mn"
23027,"waldo, me"
12033,"escambia, fl"
18045,"fountain, in"
42007,"beaver, pa"
39163,"vinton, oh"
8025,"crowley, co"
37159,"rowan, nc"
21125,"laurel, ky"
54017,"doddridge, wv"
21207,"russell, ky"
18181,"white, in"
20043,"doniphan, ks"
22099,"st. martin, la"
26003,"alger, mi"
48013,"atascosa, tx"
39009,"athens, oh"
29111,"lewis, mo"
36053,"madison, ny"
36079,"putnam, ny"
12017,"citrus, fl"
16085,"valley, id"
21159,"martin, ky"
48255,"karnes, tx"
30007,"broadwater, mt"
51071,"giles, va"
13321,"worth, ga"
48449,"titus, tx"
39095,"lucas, oh"
12091,"okaloosa, fl"
27037,"dakota, mn"
48089,"colorado, tx"
13221,"oglethorpe, ga"
5111,"poinsett, ar"
26037,"clinton, mi"
16003,"adams, id"
13243,"randolph, ga"
23031,"york, me"
27073,"lac qui parle, mn"
18017,"cass, in"
31061,"franklin, ne"
29159,"pettis, mo"
13229,"pierce, ga"
38105,"williams, nd"
51139,"page, va"
40089,"mccurtain, ok"
40049,"garvin, ok"
27097,"morrison, mn"
40009,"beckham, ok"
29147,"nodaway, mo"
25001,"barnstable, ma"
5089,"marion, ar"
30015,"chouteau, mt"
54109,"wyoming, wv"
42063,"indiana, pa"
18137,"ripley, in"
22003,"allen, la"
25005,"bristol, ma"
22081,"red river, la"
16073,"owyhee, id"
55133,"waukesha, wi"
20051,"ellis, ks"
5095,"monroe, ar"
47005,"benton, tn"
16053,"jerome, id"
53069,"wahkiakum, wa"
48319,"mason, tx"
12071,"lee, fl"
28159,"winston, ms"
1057,"fayette, al"
39079,"jackson, oh"
49007,"carbon, ut"
12097,"osceola, fl"
27041,"douglas, mn"
17007,"boone, il"
18129,"posey, in"
12133,"washington, fl"
41033,"josephine, or"
37015,"bertie, nc"
18035,"delaware, in"
53011,"clark, wa"
29073,"gasconade, mo"
48421,"sherman, tx"
40063,"hughes, ok"
19109,"kossuth, ia"
48215,"hidalgo, tx"
47133,"overton, tn"
13123,"gilmer, ga"
36005,"bronx, ny"
50005,"caledonia, vt"
27079,"le sueur, mn"
38093,"stutsman, nd"
34015,"gloucester, nj"
17123,"marshall, il"
31003,"antelope, ne"
40093,"major, ok"
20165,"rush, ks"
5125,"saline, ar"
8099,"prowers, co"
28147,"walthall, ms"
8021,"conejos, co"
45001,"abbeville, sc"
26103,"marquette, mi"
51678,"lexington city, va"
13037,"calhoun, ga"
28101,"newton, ms"
20021,"cherokee, ks"
48063,"camp, tx"
13303,"washington, ga"
26129,"ogemaw, mi"
48055,"caldwell, tx"
48125,"dickens, tx"
22045,"iberia, la"
48477,"washington, tx"
17027,"clinton, il"
30065,"musselshell, mt"
47051,"franklin, tn"
39073,"hocking, oh"
39059,"guernsey, oh"
30009,"carbon, mt"
48119,"delta, tx"
17055,"franklin, il"
54079,"putnam, wv"
37005,"alleghany, nc"
24013,"carroll, md"
48205,"hartley, tx"
41013,"crook, or"
48405,"san augustine, tx"
21095,"harlan, ky"
18131,"pulaski, in"
26065,"ingham, mi"
32005,"douglas, nv"
46103,"pennington, sd"
18059,"hancock, in"
37125,"moore, nc"
39165,"warren, oh"
55119,"taylor, wi"
21033,"caldwell, ky"
21035,"calloway, ky"
56003,"big horn, wy"
18081,"johnson, in"
17061,"greene, il"
21053,"clinton, ky"
27107,"norman, mn"
55059,"kenosha, wi"
54033,"harrison, wv"
20139,"osage, ks"
46029,"codington, sd"
38001,"adams, nd"
39029,"columbiana, oh"
55117,"sheboygan, wi"
40087,"mcclain, ok"
34007,"camden, nj"
42119,"union, pa"
19047,"crawford, ia"
6065,"riverside, ca"
12045,"gulf, fl"
17071,"henderson, il"
16055,"kootenai, id"
8091,"ouray, co"
21049,"clark, ky"
1045,"dale, al"
8047,"gilpin, co"
5023,"cleburne, ar"
30105,"valley, mt"
12083,"marion, fl"
18145,"shelby, in"
46105,"perkins, sd"
31177,"washington, ne"
35003,"catron, nm"
6027,"inyo, ca"
29099,"jefferson, mo"
38013,"burke, nd"
48225,"houston, tx"
21069,"fleming, ky"
55091,"pepin, wi"
1101,"montgomery, al"
19135,"monroe, ia"
48093,"comanche, tx"
47175,"van buren, tn"
47081,"hickman, tn"
29017,"bollinger, mo"
27125,"red lake, mn"
37131,"northampton, nc"
37023,"burke, nc"
8117,"summit, co"
22057,"lafourche, la"
51101,"king william, va"
20053,"ellsworth, ks"
27105,"nobles, mn"
51550,"chesapeake city, va"
36081,"queens, ny"
21059,"daviess, ky"
20201,"washington, ks"
48479,"webb, tx"
37037,"chatham, nc"
29113,"lincoln, mo"
54025,"greenbrier, wv"
37043,"clay, nc"
19049,"dallas, ia"
45043,"georgetown, sc"
18147,"spencer, in"
45003,"aiken, sc"
13167,"johnson, ga"
19111,"lee, ia"
26063,"huron, mi"
48059,"callahan, tx"
29085,"hickory, mo"
27095,"mille lacs, mn"
56017,"hot springs, wy"
27109,"olmsted, mn"
17169,"schuyler, il"
36101,"steuben, ny"
51175,"southampton, va"
47127,"moore, tn"
37189,"watauga, nc"
49009,"daggett, ut"
37077,"granville, nc"
6107,"tulare, ca"
37029,"camden, nc"
29029,"camden, mo"
20187,"stanton, ks"
21005,"anderson, ky"
29107,"lafayette, mo"
26113,"missaukee, mi"
31097,"johnson, ne"
19129,"mills, ia"
51115,"mathews, va"
5027,"columbia, ar"
8045,"garfield, co"
26081,"kent, mi"
19003,"adams, ia"
48411,"san saba, tx"
51760,"richmond city, va"
1059,"franklin, al"
27045,"fillmore, mn"
42043,"dauphin, pa"
55013,"burnett, wi"
13183,"long, ga"
19105,"jones, ia"
17197,"will, il"
9005,"litchfield, ct"
26017,"bay, mi"
48141,"el paso, tx"
45031,"darlington, sc"
31179,"wayne, ne"
21201,"robertson, ky"
20079,"harvey, ks"
47121,"meigs, tn"
18139,"rush, in"
51670,"hopewell city, va"
39049,"franklin, oh"
54053,"mason, wv"
33007,"coos, nh"
48161,"freestone, tx"
8079,"mineral, co"
28015,"carroll, ms"
36099,"seneca, ny"
28123,"scott, ms"
21215,"spencer, ky"
18153,"sullivan, in"
51840,"winchester city, va"
36089,"st. lawrence, ny"
20173,"sedgwick, ks"
13259,"stewart, ga"
50009,"essex, vt"
51171,"shenandoah, va"
5109,"pike, ar"
5037,"cross, ar"
35019,"guadalupe, nm"
19161,"sac, ia"
47025,"claiborne, tn"
26099,"macomb, mi"
26069,"iosco, mi"
55103,"richland, wi"
28105,"oktibbeha, ms"
8087,"morgan, co"
39129,"pickaway, oh"
33017,"strafford, nh"
28055,"issaquena, ms"
46055,"haakon, sd"
2188,"northwest arctic, ak"
2060,"bristol bay, ak"
46017,"buffalo, sd"
31171,"thomas, ne"
30075,"powder river, mt"
46119,"sully, sd"
31085,"hayes, ne"
20199,"wallace, ks"
20033,"comanche, ks"
38005,"benson, nd"
20179,"sheridan, ks"
46007,"bennett, sd"
46095,"mellette, sd"
40025,"cimarron, ok"
30011,"carter, mt"
46071,"jackson, sd"
46021,"campbell, sd"
46041,"dewey, sd"
38007,"billings, nd"
35021,"harding, nm"
38085,"sioux, nd"
2013,"aleutians east, ak"
31117,"mcpherson, ne"
51595,"emporia city, va"
48261,"kenedy, tx"
46102,"oglala lakota, sd"
2282,"yakutat, ak"
48269,"king, tx"
31005,"arthur, ne"
